VOC	PangoLineage	NextStrainClade	NucName	AAName	Key	SignatureSNV	Position	Type	Length	Ref	Alt
UK	B.1.1.7	20I/501Y.V1	C3267T	Orf1ab:T1001I	FALSE	TRUE	3267	Sub	1	C	T
UK	B.1.1.7	20I/501Y.V1	C5388A	Orf1ab:A1708D	FALSE	TRUE	5388	Sub	1	C	A
UK	B.1.1.7	20I/501Y.V1	T6954C	Orf1ab:I2230T	FALSE	TRUE	6954	Sub	1	T	C
UK	B.1.1.7	20I/501Y.V1	A23063T	S:N501Y	TRUE	TRUE	23063	Sub	1	A	T
UK	B.1.1.7	20I/501Y.V1	A23064C	S:N501Y	TRUE	TRUE	23064	Sub	1	A	C
UK	B.1.1.7	20I/501Y.V1	C23271A	S:A570D	TRUE	TRUE	23271	Sub	1	C	A
UK	B.1.1.7	20I/501Y.V1	A23403G	S:D614G	TRUE	TRUE	23403	Sub	1	A	G
UK	B.1.1.7	20I/501Y.V1	C23604A	S:P681H	TRUE	TRUE	23604	Sub	1	C	A
UK	B.1.1.7	20I/501Y.V1	C23709T	S:T716I	TRUE	TRUE	23709	Sub	1	C	T
UK	B.1.1.7	20I/501Y.V1	T24506G	S:S982A	TRUE	TRUE	24506	Sub	1	T	G
UK	B.1.1.7	20I/501Y.V1	G24914C	S:D1118H	TRUE	TRUE	24914	Sub	1	G	C
UK	B.1.1.7	20I/501Y.V1	C27972T	Orf8:Q27stop	FALSE	TRUE	27972	Sub	1	C	T
UK	B.1.1.7	20I/501Y.V1	G28048T	Orf8:R52I	FALSE	TRUE	28048	Sub	1	G	T
UK	B.1.1.7	20I/501Y.V1	A28111G	Orf8:Y73C	FALSE	TRUE	28111	Sub	1	A	G
UK	B.1.1.7	20I/501Y.V1	GAT28280CTA	N:D3L	FALSE	TRUE	28280	Sub	3	GAT	CTA
UK	B.1.1.7	20I/501Y.V1	C28977T	N:S235F	FALSE	TRUE	28977	Sub	1	C	T
UK	B.1.1.7	20I/501Y.V1	[11287-11295]del	Orf1ab:3675-3677del	FALSE	TRUE	11287	Del	9	GNNNNNNNNN	G
UK	B.1.1.7	20I/501Y.V1	[21764-21769]del	S:69/70del	TRUE	TRUE	21764	Del	6	ANNNNNN	A
UK	B.1.1.7	20I/501Y.V1	[21990-21992]del	S:Y144del	TRUE	TRUE	21990	Del	3	TNNN	T
UK	B.1.1.7	20I/501Y.V1	C241T	5UTR:241	FALSE	FALSE	241	Sub	1	C	T
UK	B.1.1.7	20I/501Y.V1	C3037T	Orf1a:F106F	FALSE	FALSE	3037	Sub	1	C	T
UK	B.1.1.7	20I/501Y.V1	C7072T	Orf1a:S2237I	FALSE	FALSE	7072	Sub	1	C	T
UK	B.1.1.7	20I/501Y.V1	T9349C	Orf1a:T3028T	FALSE	FALSE	9349	Sub	1	T	C
UK	B.1.1.7	20I/501Y.V1	C14408T	Orf1b:P314L	FALSE	FALSE	14408	Sub	1	C	T
UK	B.1.1.7	20I/501Y.V1	C14676T	Orf1b:P4804P	FALSE	FALSE	14676	Sub	1	C	T
UK	B.1.1.7	20I/501Y.V1	C17977T	Orf1b:L1504F	FALSE	FALSE	17977	Sub	1	C	T
UK	B.1.1.7	20I/501Y.V1	C18877T	Orf1b:L6205L	FALSE	FALSE	18877	Sub	1	C	T
UK	B.1.1.7	20I/501Y.V1	A23592C	S:Q667P	TRUE	FALSE	23592	Sub	1	A	C
UK	B.1.1.7	20I/501Y.V1	G23593T	S:Q667H	TRUE	FALSE	23593	Sub	1	G	T
UK	B.1.1.7	20I/501Y.V1	G23593C	S:Q667H	TRUE	FALSE	23593	Sub	1	G	C
UK	B.1.1.7	20I/501Y.V1	C26735T	M:Y71Y	FALSE	FALSE	26735	Sub	1	C	T
UK	B.1.1.7	20I/501Y.V1	A28095T	Orf8:K68Stop	FALSE	FALSE	28095	Sub	1	A	T
UK	B.1.1.7	20I/501Y.V1	GGG28881AAC	N:RG203KR	FALSE	FALSE	28881	Sub	3	GGG	AAC
SA	B.1.351	20H/501Y.V2	C1059T	Orf1ab:T2651I	FALSE	TRUE	1059	Sub	1	C	T
SA	B.1.351	20H/501Y.V2	G5230T	Orf1ab:K1655N	FALSE	TRUE	5230	Sub	1	G	T
SA	B.1.351	20H/501Y.V2	A10323G	Orf1ab:K3353R	FALSE	TRUE	10323	Sub	1	A	G
SA	B.1.351	20H/501Y.V2	A21614C	S:L18F	TRUE	TRUE	21614	Sub	1	A	C
SA	B.1.351	20H/501Y.V2	A21801C	S:D80A	TRUE	TRUE	21801	Sub	1	A	C
SA	B.1.351	20H/501Y.V2	A22206G	S:D215G	TRUE	TRUE	22206	Sub	1	A	G
SA	B.1.351	20H/501Y.V2	T22287A	S:L242HStop	TRUE	TRUE	22287	Sub	1	T	A
SA	B.1.351	20H/501Y.V2	G22299T	S:R246I	TRUE	TRUE	22299	Sub	1	G	T
SA	B.1.351	20H/501Y.V2	G22813T	S:K417N	TRUE	TRUE	22813	Sub	1	G	T
SA	B.1.351	20H/501Y.V2	G23012A	S:E484K	TRUE	TRUE	23012	Sub	1	G	A
SA	B.1.351	20H/501Y.V2	A23063T	S:N501Y	TRUE	TRUE	23063	Sub	1	A	T
SA	B.1.351	20H/501Y.V2	C23644T	S:A701V	TRUE	TRUE	23644	Sub	1	C	T
SA	B.1.351	20H/501Y.V2	G25563T	Orf3a:Q57H	FALSE	TRUE	25563	Sub	1	G	T
SA	B.1.351	20H/501Y.V2	C25456T	E:P71L	FALSE	TRUE	25456	Sub	1	C	T
SA	B.1.351	20H/501Y.V2	C28887T	N:T205I	FALSE	TRUE	28887	Sub	1	C	T
SA	B.1.351	20H/501Y.V2	[22280-22289]del	S:242-244del-v2	TRUE	TRUE	22280	Del	9	ANNNNNNNNN	A
SA	B.1.351	20H/501Y.V2	[22285-22294]del	S:242-244del-v1	TRUE	TRUE	22285	Del	9	ANNNNNNNNN	A
Nigeria	B.1.525	20A	C6285T	Orf1ab:T2007I	FALSE	TRUE	6285	Sub	1	C	T
Nigeria	B.1.525	20A	T11296G	Orf1ab:F3677L	FALSE	TRUE	11296	Sub	1	T	G
Nigeria	B.1.525	20A	C14407T	Orf1ab:P4715S	FALSE	TRUE	14407	Sub	1	C	T
Nigeria	B.1.525	20A	C14408T	Orf1ab:P4715L	FALSE	TRUE	14408	Sub	1	C	T
Nigeria	B.1.525	20A	A21717G	S:Q52R	TRUE	TRUE	21717	Sub	1	A	G
Nigeria	B.1.525	20A	C21762T	S:A67V	TRUE	TRUE	21762	Sub	1	C	T
Nigeria	B.1.525	20A	G23012A	S:E484K	TRUE	TRUE	23012	Sub	1	G	A
Nigeria	B.1.525	20A	A23403G	S:D614G	TRUE	TRUE	23403	Sub	1	A	G
Nigeria	B.1.525	20A	G23593C	S:Q677H	TRUE	TRUE	23593	Sub	1	G	C
Nigeria	B.1.525	20A	C23604T	S:P681L	TRUE	TRUE	23604	Sub	1	C	T
Nigeria	B.1.525	20A	T24224C	S:F888L	TRUE	TRUE	24224	Sub	1	T	C
Nigeria	B.1.525	20A	C24748T	S:F1062F	TRUE	TRUE	24748	Sub	1	C	T
Nigeria	B.1.525	20A	C26305T	E:L21F	FALSE	TRUE	26305	Sub	1	C	T
Nigeria	B.1.525	20A	T26767C	M:I82T	FALSE	TRUE	26767	Sub	1	T	C
Nigeria	B.1.525	20A	C28308G	N:A12G	FALSE	TRUE	28308	Sub	1	C	G
Nigeria	B.1.525	20A	C28887T	N:T205I	FALSE	TRUE	28887	Sub	1	C	T
Nigeria	B.1.525	20A	[11287-11296]del	ORF1ab:S3675-F3677del	FALSE	TRUE	11287	Del	9	GNNNNNNNNN	G
Nigeria	B.1.525	20A	[21764-21770]del	S:H69-V70del	TRUE	TRUE	21764	Del	6	ANNNNNN	A
Nigeria	B.1.525	20A	[21990-21993]del	S:Y144del	TRUE	TRUE	21990	Del	3	TNNN	T
Nigeria	B.1.525	20A	[27204-27207]del	Orf6:F2del	FALSE	TRUE	27204	Del	3	GNNN	G
Nigeria	B.1.525	20A	[28277-27280]del	N:S2_D3delinsY	FALSE	TRUE	28277	Del	3	TNNN	T
Brazil	P.1	20J/501Y.V3	C3828T	Orf1ab:S1188L	FALSE	TRUE	3828	Sub	1	C	T
Brazil	P.1	20J/501Y.V3	A5648C	Orf1ab:K1795Q	FALSE	TRUE	5648	Sub	1	A	C
Brazil	P.1	20J/501Y.V3	C21614T	S:L18F	TRUE	TRUE	21614	Sub	1	C	T
Brazil	P.1	20J/501Y.V3	C21621A	S:T20N	TRUE	TRUE	21621	Sub	1	C	A
Brazil	P.1	20J/501Y.V3	C21638T	S:P26S	TRUE	TRUE	21638	Sub	1	C	T
Brazil	P.1	20J/501Y.V3	G21974T	S:D138Y	TRUE	TRUE	21974	Sub	1	G	T
Brazil	P.1	20J/501Y.V3	G22132T	S:R190S	TRUE	TRUE	22132	Sub	1	G	T
Brazil	P.1	20J/501Y.V3	A22812C	S:K417T	TRUE	TRUE	22812	Sub	1	A	C
Brazil	P.1	20J/501Y.V3	G23012A	S:E484K	TRUE	TRUE	23012	Sub	1	G	A
Brazil	P.1	20J/501Y.V3	A23063T	S:N501Y	TRUE	TRUE	23063	Sub	1	A	T
Brazil	P.1	20J/501Y.V3	C23525T	S:H655Y	TRUE	TRUE	23525	Sub	1	C	T
Brazil	P.1	20J/501Y.V3	C24642T	S:T1027I	TRUE	TRUE	24642	Sub	1	C	T
Brazil	P.1	20J/501Y.V3	G25912T	Orf3a:G174C	FALSE	TRUE	25912	Sub	1	G	T
Brazil	P.1	20J/501Y.V3	G28167A	Orf8:E92K	FALSE	TRUE	28167	Sub	1	G	A
Brazil	P.1	20J/501Y.V3	C28512T	N:P80R	FALSE	TRUE	28512	Sub	1	C	T
Brazil	P.1	20J/501Y.V3	[11287-11296]del	ORF1ab:S3675-F3677del	FALSE	TRUE	11287	Del	9	GNNNNNNNNN	G